"","rules","support","confidence","coverage","lift","count"
"1","{} => {X.1==>}",1,1,1,1,27
"2","{lift=[0.99,1.05)} => {rhs={Age=Adult}}",0.185185185185185,0.833333333333333,0.222222222222222,1.25,5
"3","{lift=[0.99,1.05)} => {X.1==>}",0.222222222222222,1,0.222222222222222,1,6
"4","{rhs={Sex=Male}} => {lift=[1.05,1.27]}",0.222222222222222,0.857142857142857,0.259259259259259,1.92857142857143,6
"5","{rhs={Sex=Male}} => {X.1==>}",0.259259259259259,1,0.259259259259259,1,7
"6","{count=[450,862)} => {support=[0.204,0.392)}",0.296296296296296,1,0.296296296296296,3.375,8
"7","{support=[0.204,0.392)} => {count=[450,862)}",0.296296296296296,1,0.296296296296296,3.375,8
"8","{count=[450,862)} => {X.1==>}",0.296296296296296,1,0.296296296296296,1,8
"9","{support=[0.204,0.392)} => {X.1==>}",0.296296296296296,1,0.296296296296296,1,8
"10","{confidence=[0.917,0.974)} => {rhs={Age=Adult}}",0.259259259259259,0.875,0.296296296296296,1.3125,7
"11","{confidence=[0.917,0.974)} => {X.1==>}",0.296296296296296,1,0.296296296296296,1,8
"12","{count=[261,450)} => {support=[0.119,0.204)}",0.333333333333333,1,0.333333333333333,3,9
"13","{support=[0.119,0.204)} => {count=[261,450)}",0.333333333333333,1,0.333333333333333,3,9
"14","{count=[261,450)} => {X.1==>}",0.333333333333333,1,0.333333333333333,1,9
"15","{lift=[0.934,0.99)} => {rhs={Age=Adult}}",0.333333333333333,1,0.333333333333333,1.5,9
"16","{lift=[0.934,0.99)} => {X.1==>}",0.333333333333333,1,0.333333333333333,1,9
"17","{confidence=[0.813,0.917)} => {X.1==>}",0.333333333333333,1,0.333333333333333,1,9
"18","{support=[0.119,0.204)} => {X.1==>}",0.333333333333333,1,0.333333333333333,1,9
"19","{count=[862,2.09e+03]} => {support=[0.392,0.95]}",0.37037037037037,1,0.37037037037037,2.7,10
"20","{support=[0.392,0.95]} => {count=[862,2.09e+03]}",0.37037037037037,1,0.37037037037037,2.7,10
"21","{count=[862,2.09e+03]} => {X.1==>}",0.37037037037037,1,0.37037037037037,1,10
"22","{support=[0.392,0.95]} => {X.1==>}",0.37037037037037,1,0.37037037037037,1,10
"23","{confidence=[0.974,1]} => {lift=[1.05,1.27]}",0.296296296296296,0.8,0.37037037037037,1.8,8
"24","{confidence=[0.974,1]} => {X.1==>}",0.37037037037037,1,0.37037037037037,1,10
"25","{lift=[1.05,1.27]} => {X.1==>}",0.444444444444444,1,0.444444444444444,1,12
"26","{rhs={Age=Adult}} => {X.1==>}",0.666666666666667,1,0.666666666666667,1,18
"27","{confidence=[0.917,0.974),lift=[0.99,1.05)} => {count=[862,2.09e+03]}",0.111111111111111,1,0.111111111111111,2.7,3
"28","{confidence=[0.917,0.974),lift=[0.99,1.05)} => {support=[0.392,0.95]}",0.111111111111111,1,0.111111111111111,2.7,3
"29","{confidence=[0.917,0.974),lift=[0.99,1.05)} => {rhs={Age=Adult}}",0.111111111111111,1,0.111111111111111,1.5,3
"30","{confidence=[0.917,0.974),lift=[0.99,1.05)} => {X.1==>}",0.111111111111111,1,0.111111111111111,1,3
"31","{lift=[0.99,1.05),count=[862,2.09e+03]} => {support=[0.392,0.95]}",0.148148148148148,1,0.148148148148148,2.7,4
"32","{support=[0.392,0.95],lift=[0.99,1.05)} => {count=[862,2.09e+03]}",0.148148148148148,1,0.148148148148148,2.7,4
"33","{lift=[0.99,1.05),count=[862,2.09e+03]} => {rhs={Age=Adult}}",0.148148148148148,1,0.148148148148148,1.5,4
"34","{rhs={Age=Adult},lift=[0.99,1.05)} => {count=[862,2.09e+03]}",0.148148148148148,0.8,0.185185185185185,2.16,4
"35","{lift=[0.99,1.05),count=[862,2.09e+03]} => {X.1==>}",0.148148148148148,1,0.148148148148148,1,4
"36","{support=[0.392,0.95],lift=[0.99,1.05)} => {rhs={Age=Adult}}",0.148148148148148,1,0.148148148148148,1.5,4
"37","{rhs={Age=Adult},lift=[0.99,1.05)} => {support=[0.392,0.95]}",0.148148148148148,0.8,0.185185185185185,2.16,4
"38","{support=[0.392,0.95],lift=[0.99,1.05)} => {X.1==>}",0.148148148148148,1,0.148148148148148,1,4
"39","{rhs={Age=Adult},lift=[0.99,1.05)} => {X.1==>}",0.185185185185185,1,0.185185185185185,1,5
"40","{X.1==>,lift=[0.99,1.05)} => {rhs={Age=Adult}}",0.185185185185185,0.833333333333333,0.222222222222222,1.25,5
"41","{rhs={Sex=Male},count=[862,2.09e+03]} => {support=[0.392,0.95]}",0.148148148148148,1,0.148148148148148,2.7,4
"42","{rhs={Sex=Male},support=[0.392,0.95]} => {count=[862,2.09e+03]}",0.148148148148148,1,0.148148148148148,2.7,4
"43","{rhs={Sex=Male},count=[862,2.09e+03]} => {lift=[1.05,1.27]}",0.148148148148148,1,0.148148148148148,2.25,4
"44","{rhs={Sex=Male},count=[862,2.09e+03]} => {X.1==>}",0.148148148148148,1,0.148148148148148,1,4
"45","{rhs={Sex=Male},support=[0.392,0.95]} => {lift=[1.05,1.27]}",0.148148148148148,1,0.148148148148148,2.25,4
"46","{rhs={Sex=Male},support=[0.392,0.95]} => {X.1==>}",0.148148148148148,1,0.148148148148148,1,4
"47","{rhs={Sex=Male},confidence=[0.974,1]} => {lift=[1.05,1.27]}",0.148148148148148,1,0.148148148148148,2.25,4
"48","{rhs={Sex=Male},confidence=[0.974,1]} => {X.1==>}",0.148148148148148,1,0.148148148148148,1,4
"49","{rhs={Sex=Male},lift=[1.05,1.27]} => {X.1==>}",0.222222222222222,1,0.222222222222222,1,6
"50","{X.1==>,rhs={Sex=Male}} => {lift=[1.05,1.27]}",0.222222222222222,0.857142857142857,0.259259259259259,1.92857142857143,6
"51","{lift=[0.934,0.99),count=[450,862)} => {support=[0.204,0.392)}",0.148148148148148,1,0.148148148148148,3.375,4
"52","{support=[0.204,0.392),lift=[0.934,0.99)} => {count=[450,862)}",0.148148148148148,1,0.148148148148148,3.375,4
"53","{confidence=[0.813,0.917),count=[450,862)} => {support=[0.204,0.392)}",0.111111111111111,1,0.111111111111111,3.375,3
"54","{support=[0.204,0.392),confidence=[0.813,0.917)} => {count=[450,862)}",0.111111111111111,1,0.111111111111111,3.375,3
"55","{confidence=[0.974,1],count=[450,862)} => {support=[0.204,0.392)}",0.148148148148148,1,0.148148148148148,3.375,4
"56","{support=[0.204,0.392),confidence=[0.974,1]} => {count=[450,862)}",0.148148148148148,1,0.148148148148148,3.375,4
"57","{lift=[1.05,1.27],count=[450,862)} => {support=[0.204,0.392)}",0.148148148148148,1,0.148148148148148,3.375,4
"58","{support=[0.204,0.392),lift=[1.05,1.27]} => {count=[450,862)}",0.148148148148148,1,0.148148148148148,3.375,4
"59","{rhs={Age=Adult},count=[450,862)} => {support=[0.204,0.392)}",0.222222222222222,1,0.222222222222222,3.375,6
"60","{rhs={Age=Adult},support=[0.204,0.392)} => {count=[450,862)}",0.222222222222222,1,0.222222222222222,3.375,6
"61","{support=[0.204,0.392),count=[450,862)} => {X.1==>}",0.296296296296296,1,0.296296296296296,1,8
"62","{X.1==>,count=[450,862)} => {support=[0.204,0.392)}",0.296296296296296,1,0.296296296296296,3.375,8
"63","{X.1==>,support=[0.204,0.392)} => {count=[450,862)}",0.296296296296296,1,0.296296296296296,3.375,8
"64","{confidence=[0.813,0.917),count=[450,862)} => {lift=[0.934,0.99)}",0.111111111111111,1,0.111111111111111,3,3
"65","{lift=[0.934,0.99),count=[450,862)} => {rhs={Age=Adult}}",0.148148148148148,1,0.148148148148148,1.5,4
"66","{lift=[0.934,0.99),count=[450,862)} => {X.1==>}",0.148148148148148,1,0.148148148148148,1,4
"67","{confidence=[0.813,0.917),count=[450,862)} => {rhs={Age=Adult}}",0.111111111111111,1,0.111111111111111,1.5,3
"68","{confidence=[0.813,0.917),count=[450,862)} => {X.1==>}",0.111111111111111,1,0.111111111111111,1,3
"69","{confidence=[0.974,1],count=[450,862)} => {lift=[1.05,1.27]}",0.148148148148148,1,0.148148148148148,2.25,4
"70","{lift=[1.05,1.27],count=[450,862)} => {confidence=[0.974,1]}",0.148148148148148,1,0.148148148148148,2.7,4
"71","{confidence=[0.974,1],count=[450,862)} => {X.1==>}",0.148148148148148,1,0.148148148148148,1,4
"72","{lift=[1.05,1.27],count=[450,862)} => {X.1==>}",0.148148148148148,1,0.148148148148148,1,4
"73","{rhs={Age=Adult},count=[450,862)} => {X.1==>}",0.222222222222222,1,0.222222222222222,1,6
"74","{support=[0.204,0.392),confidence=[0.813,0.917)} => {lift=[0.934,0.99)}",0.111111111111111,1,0.111111111111111,3,3
"75","{support=[0.204,0.392),lift=[0.934,0.99)} => {rhs={Age=Adult}}",0.148148148148148,1,0.148148148148148,1.5,4
"76","{support=[0.204,0.392),lift=[0.934,0.99)} => {X.1==>}",0.148148148148148,1,0.148148148148148,1,4
"77","{support=[0.204,0.392),confidence=[0.813,0.917)} => {rhs={Age=Adult}}",0.111111111111111,1,0.111111111111111,1.5,3
"78","{support=[0.204,0.392),confidence=[0.813,0.917)} => {X.1==>}",0.111111111111111,1,0.111111111111111,1,3
"79","{support=[0.204,0.392),confidence=[0.974,1]} => {lift=[1.05,1.27]}",0.148148148148148,1,0.148148148148148,2.25,4
"80","{support=[0.204,0.392),lift=[1.05,1.27]} => {confidence=[0.974,1]}",0.148148148148148,1,0.148148148148148,2.7,4
"81","{support=[0.204,0.392),confidence=[0.974,1]} => {X.1==>}",0.148148148148148,1,0.148148148148148,1,4
"82","{support=[0.204,0.392),lift=[1.05,1.27]} => {X.1==>}",0.148148148148148,1,0.148148148148148,1,4
"83","{rhs={Age=Adult},support=[0.204,0.392)} => {X.1==>}",0.222222222222222,1,0.222222222222222,1,6
"84","{confidence=[0.917,0.974),count=[261,450)} => {lift=[0.934,0.99)}",0.111111111111111,1,0.111111111111111,3,3
"85","{confidence=[0.917,0.974),count=[261,450)} => {support=[0.119,0.204)}",0.111111111111111,1,0.111111111111111,3,3
"86","{support=[0.119,0.204),confidence=[0.917,0.974)} => {count=[261,450)}",0.111111111111111,1,0.111111111111111,3,3
"87","{confidence=[0.917,0.974),count=[261,450)} => {rhs={Age=Adult}}",0.111111111111111,1,0.111111111111111,1.5,3
"88","{confidence=[0.917,0.974),count=[261,450)} => {X.1==>}",0.111111111111111,1,0.111111111111111,1,3
"89","{support=[0.119,0.204),confidence=[0.917,0.974)} => {lift=[0.934,0.99)}",0.111111111111111,1,0.111111111111111,3,3
"90","{confidence=[0.917,0.974),lift=[0.934,0.99)} => {rhs={Age=Adult}}",0.148148148148148,1,0.148148148148148,1.5,4
"91","{confidence=[0.917,0.974),lift=[0.934,0.99)} => {X.1==>}",0.148148148148148,1,0.148148148148148,1,4
"92","{support=[0.119,0.204),confidence=[0.917,0.974)} => {rhs={Age=Adult}}",0.111111111111111,1,0.111111111111111,1.5,3
"93","{support=[0.119,0.204),confidence=[0.917,0.974)} => {X.1==>}",0.111111111111111,1,0.111111111111111,1,3
"94","{confidence=[0.917,0.974),count=[862,2.09e+03]} => {support=[0.392,0.95]}",0.148148148148148,1,0.148148148148148,2.7,4
"95","{support=[0.392,0.95],confidence=[0.917,0.974)} => {count=[862,2.09e+03]}",0.148148148148148,1,0.148148148148148,2.7,4
"96","{confidence=[0.917,0.974),count=[862,2.09e+03]} => {X.1==>}",0.148148148148148,1,0.148148148148148,1,4
"97","{support=[0.392,0.95],confidence=[0.917,0.974)} => {X.1==>}",0.148148148148148,1,0.148148148148148,1,4
"98","{rhs={Age=Adult},confidence=[0.917,0.974)} => {X.1==>}",0.259259259259259,1,0.259259259259259,1,7
"99","{X.1==>,confidence=[0.917,0.974)} => {rhs={Age=Adult}}",0.259259259259259,0.875,0.296296296296296,1.3125,7
"100","{lift=[0.934,0.99),count=[261,450)} => {support=[0.119,0.204)}",0.185185185185185,1,0.185185185185185,3,5
"101","{support=[0.119,0.204),lift=[0.934,0.99)} => {count=[261,450)}",0.185185185185185,1,0.185185185185185,3,5
"102","{lift=[0.934,0.99),count=[261,450)} => {rhs={Age=Adult}}",0.185185185185185,1,0.185185185185185,1.5,5
"103","{rhs={Age=Adult},count=[261,450)} => {lift=[0.934,0.99)}",0.185185185185185,0.833333333333333,0.222222222222222,2.5,5
"104","{lift=[0.934,0.99),count=[261,450)} => {X.1==>}",0.185185185185185,1,0.185185185185185,1,5
"105","{confidence=[0.813,0.917),count=[261,450)} => {support=[0.119,0.204)}",0.185185185185185,1,0.185185185185185,3,5
"106","{support=[0.119,0.204),confidence=[0.813,0.917)} => {count=[261,450)}",0.185185185185185,1,0.185185185185185,3,5
"107","{confidence=[0.813,0.917),count=[261,450)} => {X.1==>}",0.185185185185185,1,0.185185185185185,1,5
"108","{rhs={Age=Adult},count=[261,450)} => {support=[0.119,0.204)}",0.222222222222222,1,0.222222222222222,3,6
"109","{rhs={Age=Adult},support=[0.119,0.204)} => {count=[261,450)}",0.222222222222222,1,0.222222222222222,3,6
"110","{support=[0.119,0.204),count=[261,450)} => {X.1==>}",0.333333333333333,1,0.333333333333333,1,9
"111","{X.1==>,count=[261,450)} => {support=[0.119,0.204)}",0.333333333333333,1,0.333333333333333,3,9
"112","{X.1==>,support=[0.119,0.204)} => {count=[261,450)}",0.333333333333333,1,0.333333333333333,3,9
"113","{rhs={Age=Adult},count=[261,450)} => {X.1==>}",0.222222222222222,1,0.222222222222222,1,6
"114","{confidence=[0.813,0.917),lift=[0.934,0.99)} => {rhs={Age=Adult}}",0.185185185185185,1,0.185185185185185,1.5,5
"115","{rhs={Age=Adult},confidence=[0.813,0.917)} => {lift=[0.934,0.99)}",0.185185185185185,1,0.185185185185185,3,5
"116","{confidence=[0.813,0.917),lift=[0.934,0.99)} => {X.1==>}",0.185185185185185,1,0.185185185185185,1,5
"117","{support=[0.119,0.204),lift=[0.934,0.99)} => {rhs={Age=Adult}}",0.185185185185185,1,0.185185185185185,1.5,5
"118","{rhs={Age=Adult},support=[0.119,0.204)} => {lift=[0.934,0.99)}",0.185185185185185,0.833333333333333,0.222222222222222,2.5,5
"119","{support=[0.119,0.204),lift=[0.934,0.99)} => {X.1==>}",0.185185185185185,1,0.185185185185185,1,5
"120","{rhs={Age=Adult},lift=[0.934,0.99)} => {X.1==>}",0.333333333333333,1,0.333333333333333,1,9
"121","{X.1==>,lift=[0.934,0.99)} => {rhs={Age=Adult}}",0.333333333333333,1,0.333333333333333,1.5,9
"122","{support=[0.119,0.204),confidence=[0.813,0.917)} => {X.1==>}",0.185185185185185,1,0.185185185185185,1,5
"123","{confidence=[0.813,0.917),lift=[1.05,1.27]} => {X.1==>}",0.111111111111111,1,0.111111111111111,1,3
"124","{rhs={Age=Adult},confidence=[0.813,0.917)} => {X.1==>}",0.185185185185185,1,0.185185185185185,1,5
"125","{rhs={Age=Adult},support=[0.119,0.204)} => {X.1==>}",0.222222222222222,1,0.222222222222222,1,6
"126","{confidence=[0.974,1],count=[862,2.09e+03]} => {support=[0.392,0.95]}",0.185185185185185,1,0.185185185185185,2.7,5
"127","{support=[0.392,0.95],confidence=[0.974,1]} => {count=[862,2.09e+03]}",0.185185185185185,1,0.185185185185185,2.7,5
"128","{lift=[1.05,1.27],count=[862,2.09e+03]} => {support=[0.392,0.95]}",0.222222222222222,1,0.222222222222222,2.7,6
"129","{support=[0.392,0.95],lift=[1.05,1.27]} => {count=[862,2.09e+03]}",0.222222222222222,1,0.222222222222222,2.7,6
"130","{rhs={Age=Adult},count=[862,2.09e+03]} => {support=[0.392,0.95]}",0.222222222222222,1,0.222222222222222,2.7,6
"131","{rhs={Age=Adult},support=[0.392,0.95]} => {count=[862,2.09e+03]}",0.222222222222222,1,0.222222222222222,2.7,6
"132","{support=[0.392,0.95],count=[862,2.09e+03]} => {X.1==>}",0.37037037037037,1,0.37037037037037,1,10
"133","{X.1==>,count=[862,2.09e+03]} => {support=[0.392,0.95]}",0.37037037037037,1,0.37037037037037,2.7,10
"134","{X.1==>,support=[0.392,0.95]} => {count=[862,2.09e+03]}",0.37037037037037,1,0.37037037037037,2.7,10
"135","{confidence=[0.974,1],count=[862,2.09e+03]} => {lift=[1.05,1.27]}",0.148148148148148,0.8,0.185185185185185,1.8,4
"136","{confidence=[0.974,1],count=[862,2.09e+03]} => {X.1==>}",0.185185185185185,1,0.185185185185185,1,5
"137","{lift=[1.05,1.27],count=[862,2.09e+03]} => {X.1==>}",0.222222222222222,1,0.222222222222222,1,6
"138","{rhs={Age=Adult},count=[862,2.09e+03]} => {X.1==>}",0.222222222222222,1,0.222222222222222,1,6
"139","{support=[0.392,0.95],confidence=[0.974,1]} => {lift=[1.05,1.27]}",0.148148148148148,0.8,0.185185185185185,1.8,4
"140","{support=[0.392,0.95],confidence=[0.974,1]} => {X.1==>}",0.185185185185185,1,0.185185185185185,1,5
"141","{support=[0.392,0.95],lift=[1.05,1.27]} => {X.1==>}",0.222222222222222,1,0.222222222222222,1,6
"142","{rhs={Age=Adult},support=[0.392,0.95]} => {X.1==>}",0.222222222222222,1,0.222222222222222,1,6
"143","{rhs={Age=Adult},lift=[1.05,1.27]} => {confidence=[0.974,1]}",0.148148148148148,1,0.148148148148148,2.7,4
"144","{confidence=[0.974,1],lift=[1.05,1.27]} => {X.1==>}",0.296296296296296,1,0.296296296296296,1,8
"145","{X.1==>,confidence=[0.974,1]} => {lift=[1.05,1.27]}",0.296296296296296,0.8,0.37037037037037,1.8,8
"146","{rhs={Age=Adult},confidence=[0.974,1]} => {X.1==>}",0.222222222222222,1,0.222222222222222,1,6
"147","{rhs={Age=Adult},lift=[1.05,1.27]} => {X.1==>}",0.148148148148148,1,0.148148148148148,1,4
"148","{confidence=[0.917,0.974),lift=[0.99,1.05),count=[862,2.09e+03]} => {support=[0.392,0.95]}",0.111111111111111,1,0.111111111111111,2.7,3
"149","{support=[0.392,0.95],confidence=[0.917,0.974),lift=[0.99,1.05)} => {count=[862,2.09e+03]}",0.111111111111111,1,0.111111111111111,2.7,3
"150","{confidence=[0.917,0.974),lift=[0.99,1.05),count=[862,2.09e+03]} => {rhs={Age=Adult}}",0.111111111111111,1,0.111111111111111,1.5,3
"151","{rhs={Age=Adult},confidence=[0.917,0.974),lift=[0.99,1.05)} => {count=[862,2.09e+03]}",0.111111111111111,1,0.111111111111111,2.7,3
"152","{rhs={Age=Adult},confidence=[0.917,0.974),count=[862,2.09e+03]} => {lift=[0.99,1.05)}",0.111111111111111,1,0.111111111111111,4.5,3
"153","{confidence=[0.917,0.974),lift=[0.99,1.05),count=[862,2.09e+03]} => {X.1==>}",0.111111111111111,1,0.111111111111111,1,3
"154","{X.1==>,confidence=[0.917,0.974),lift=[0.99,1.05)} => {count=[862,2.09e+03]}",0.111111111111111,1,0.111111111111111,2.7,3
"155","{support=[0.392,0.95],confidence=[0.917,0.974),lift=[0.99,1.05)} => {rhs={Age=Adult}}",0.111111111111111,1,0.111111111111111,1.5,3
"156","{rhs={Age=Adult},confidence=[0.917,0.974),lift=[0.99,1.05)} => {support=[0.392,0.95]}",0.111111111111111,1,0.111111111111111,2.7,3
"157","{rhs={Age=Adult},support=[0.392,0.95],confidence=[0.917,0.974)} => {lift=[0.99,1.05)}",0.111111111111111,1,0.111111111111111,4.5,3
"158","{support=[0.392,0.95],confidence=[0.917,0.974),lift=[0.99,1.05)} => {X.1==>}",0.111111111111111,1,0.111111111111111,1,3
"159","{X.1==>,confidence=[0.917,0.974),lift=[0.99,1.05)} => {support=[0.392,0.95]}",0.111111111111111,1,0.111111111111111,2.7,3
"160","{rhs={Age=Adult},confidence=[0.917,0.974),lift=[0.99,1.05)} => {X.1==>}",0.111111111111111,1,0.111111111111111,1,3
"161","{X.1==>,confidence=[0.917,0.974),lift=[0.99,1.05)} => {rhs={Age=Adult}}",0.111111111111111,1,0.111111111111111,1.5,3
"162","{support=[0.392,0.95],lift=[0.99,1.05),count=[862,2.09e+03]} => {rhs={Age=Adult}}",0.148148148148148,1,0.148148148148148,1.5,4
"163","{rhs={Age=Adult},lift=[0.99,1.05),count=[862,2.09e+03]} => {support=[0.392,0.95]}",0.148148148148148,1,0.148148148148148,2.7,4
"164","{rhs={Age=Adult},support=[0.392,0.95],lift=[0.99,1.05)} => {count=[862,2.09e+03]}",0.148148148148148,1,0.148148148148148,2.7,4
"165","{support=[0.392,0.95],lift=[0.99,1.05),count=[862,2.09e+03]} => {X.1==>}",0.148148148148148,1,0.148148148148148,1,4
"166","{X.1==>,lift=[0.99,1.05),count=[862,2.09e+03]} => {support=[0.392,0.95]}",0.148148148148148,1,0.148148148148148,2.7,4
"167","{X.1==>,support=[0.392,0.95],lift=[0.99,1.05)} => {count=[862,2.09e+03]}",0.148148148148148,1,0.148148148148148,2.7,4
"168","{rhs={Age=Adult},lift=[0.99,1.05),count=[862,2.09e+03]} => {X.1==>}",0.148148148148148,1,0.148148148148148,1,4
"169","{X.1==>,lift=[0.99,1.05),count=[862,2.09e+03]} => {rhs={Age=Adult}}",0.148148148148148,1,0.148148148148148,1.5,4
"170","{X.1==>,rhs={Age=Adult},lift=[0.99,1.05)} => {count=[862,2.09e+03]}",0.148148148148148,0.8,0.185185185185185,2.16,4
"171","{rhs={Age=Adult},support=[0.392,0.95],lift=[0.99,1.05)} => {X.1==>}",0.148148148148148,1,0.148148148148148,1,4
"172","{X.1==>,support=[0.392,0.95],lift=[0.99,1.05)} => {rhs={Age=Adult}}",0.148148148148148,1,0.148148148148148,1.5,4
"173","{X.1==>,rhs={Age=Adult},lift=[0.99,1.05)} => {support=[0.392,0.95]}",0.148148148148148,0.8,0.185185185185185,2.16,4
"174","{rhs={Sex=Male},support=[0.392,0.95],count=[862,2.09e+03]} => {lift=[1.05,1.27]}",0.148148148148148,1,0.148148148148148,2.25,4
"175","{rhs={Sex=Male},lift=[1.05,1.27],count=[862,2.09e+03]} => {support=[0.392,0.95]}",0.148148148148148,1,0.148148148148148,2.7,4
"176","{rhs={Sex=Male},support=[0.392,0.95],lift=[1.05,1.27]} => {count=[862,2.09e+03]}",0.148148148148148,1,0.148148148148148,2.7,4
"177","{rhs={Sex=Male},support=[0.392,0.95],count=[862,2.09e+03]} => {X.1==>}",0.148148148148148,1,0.148148148148148,1,4
"178","{X.1==>,rhs={Sex=Male},count=[862,2.09e+03]} => {support=[0.392,0.95]}",0.148148148148148,1,0.148148148148148,2.7,4
"179","{X.1==>,rhs={Sex=Male},support=[0.392,0.95]} => {count=[862,2.09e+03]}",0.148148148148148,1,0.148148148148148,2.7,4
"180","{rhs={Sex=Male},lift=[1.05,1.27],count=[862,2.09e+03]} => {X.1==>}",0.148148148148148,1,0.148148148148148,1,4
"181","{X.1==>,rhs={Sex=Male},count=[862,2.09e+03]} => {lift=[1.05,1.27]}",0.148148148148148,1,0.148148148148148,2.25,4
"182","{rhs={Sex=Male},support=[0.392,0.95],lift=[1.05,1.27]} => {X.1==>}",0.148148148148148,1,0.148148148148148,1,4
"183","{X.1==>,rhs={Sex=Male},support=[0.392,0.95]} => {lift=[1.05,1.27]}",0.148148148148148,1,0.148148148148148,2.25,4
"184","{rhs={Sex=Male},confidence=[0.974,1],lift=[1.05,1.27]} => {X.1==>}",0.148148148148148,1,0.148148148148148,1,4
"185","{X.1==>,rhs={Sex=Male},confidence=[0.974,1]} => {lift=[1.05,1.27]}",0.148148148148148,1,0.148148148148148,2.25,4
"186","{support=[0.204,0.392),confidence=[0.813,0.917),count=[450,862)} => {lift=[0.934,0.99)}",0.111111111111111,1,0.111111111111111,3,3
"187","{confidence=[0.813,0.917),lift=[0.934,0.99),count=[450,862)} => {support=[0.204,0.392)}",0.111111111111111,1,0.111111111111111,3.375,3
"188","{support=[0.204,0.392),confidence=[0.813,0.917),lift=[0.934,0.99)} => {count=[450,862)}",0.111111111111111,1,0.111111111111111,3.375,3
"189","{support=[0.204,0.392),lift=[0.934,0.99),count=[450,862)} => {rhs={Age=Adult}}",0.148148148148148,1,0.148148148148148,1.5,4
"190","{rhs={Age=Adult},lift=[0.934,0.99),count=[450,862)} => {support=[0.204,0.392)}",0.148148148148148,1,0.148148148148148,3.375,4
"191","{rhs={Age=Adult},support=[0.204,0.392),lift=[0.934,0.99)} => {count=[450,862)}",0.148148148148148,1,0.148148148148148,3.375,4
"192","{support=[0.204,0.392),lift=[0.934,0.99),count=[450,862)} => {X.1==>}",0.148148148148148,1,0.148148148148148,1,4
"193","{X.1==>,lift=[0.934,0.99),count=[450,862)} => {support=[0.204,0.392)}",0.148148148148148,1,0.148148148148148,3.375,4
"194","{X.1==>,support=[0.204,0.392),lift=[0.934,0.99)} => {count=[450,862)}",0.148148148148148,1,0.148148148148148,3.375,4
"195","{support=[0.204,0.392),confidence=[0.813,0.917),count=[450,862)} => {rhs={Age=Adult}}",0.111111111111111,1,0.111111111111111,1.5,3
"196","{rhs={Age=Adult},confidence=[0.813,0.917),count=[450,862)} => {support=[0.204,0.392)}",0.111111111111111,1,0.111111111111111,3.375,3
"197","{rhs={Age=Adult},support=[0.204,0.392),confidence=[0.813,0.917)} => {count=[450,862)}",0.111111111111111,1,0.111111111111111,3.375,3
"198","{support=[0.204,0.392),confidence=[0.813,0.917),count=[450,862)} => {X.1==>}",0.111111111111111,1,0.111111111111111,1,3
"199","{X.1==>,confidence=[0.813,0.917),count=[450,862)} => {support=[0.204,0.392)}",0.111111111111111,1,0.111111111111111,3.375,3
"200","{X.1==>,support=[0.204,0.392),confidence=[0.813,0.917)} => {count=[450,862)}",0.111111111111111,1,0.111111111111111,3.375,3
"201","{support=[0.204,0.392),confidence=[0.974,1],count=[450,862)} => {lift=[1.05,1.27]}",0.148148148148148,1,0.148148148148148,2.25,4
"202","{support=[0.204,0.392),lift=[1.05,1.27],count=[450,862)} => {confidence=[0.974,1]}",0.148148148148148,1,0.148148148148148,2.7,4
"203","{confidence=[0.974,1],lift=[1.05,1.27],count=[450,862)} => {support=[0.204,0.392)}",0.148148148148148,1,0.148148148148148,3.375,4
"204","{support=[0.204,0.392),confidence=[0.974,1],lift=[1.05,1.27]} => {count=[450,862)}",0.148148148148148,1,0.148148148148148,3.375,4
"205","{support=[0.204,0.392),confidence=[0.974,1],count=[450,862)} => {X.1==>}",0.148148148148148,1,0.148148148148148,1,4
"206","{X.1==>,confidence=[0.974,1],count=[450,862)} => {support=[0.204,0.392)}",0.148148148148148,1,0.148148148148148,3.375,4
"207","{X.1==>,support=[0.204,0.392),confidence=[0.974,1]} => {count=[450,862)}",0.148148148148148,1,0.148148148148148,3.375,4
"208","{support=[0.204,0.392),lift=[1.05,1.27],count=[450,862)} => {X.1==>}",0.148148148148148,1,0.148148148148148,1,4
"209","{X.1==>,lift=[1.05,1.27],count=[450,862)} => {support=[0.204,0.392)}",0.148148148148148,1,0.148148148148148,3.375,4
"210","{X.1==>,support=[0.204,0.392),lift=[1.05,1.27]} => {count=[450,862)}",0.148148148148148,1,0.148148148148148,3.375,4
"211","{rhs={Age=Adult},support=[0.204,0.392),count=[450,862)} => {X.1==>}",0.222222222222222,1,0.222222222222222,1,6
"212","{X.1==>,rhs={Age=Adult},count=[450,862)} => {support=[0.204,0.392)}",0.222222222222222,1,0.222222222222222,3.375,6
"213","{X.1==>,rhs={Age=Adult},support=[0.204,0.392)} => {count=[450,862)}",0.222222222222222,1,0.222222222222222,3.375,6
"214","{confidence=[0.813,0.917),lift=[0.934,0.99),count=[450,862)} => {rhs={Age=Adult}}",0.111111111111111,1,0.111111111111111,1.5,3
"215","{rhs={Age=Adult},confidence=[0.813,0.917),count=[450,862)} => {lift=[0.934,0.99)}",0.111111111111111,1,0.111111111111111,3,3
"216","{confidence=[0.813,0.917),lift=[0.934,0.99),count=[450,862)} => {X.1==>}",0.111111111111111,1,0.111111111111111,1,3
"217","{X.1==>,confidence=[0.813,0.917),count=[450,862)} => {lift=[0.934,0.99)}",0.111111111111111,1,0.111111111111111,3,3
"218","{rhs={Age=Adult},lift=[0.934,0.99),count=[450,862)} => {X.1==>}",0.148148148148148,1,0.148148148148148,1,4
"219","{X.1==>,lift=[0.934,0.99),count=[450,862)} => {rhs={Age=Adult}}",0.148148148148148,1,0.148148148148148,1.5,4
"220","{rhs={Age=Adult},confidence=[0.813,0.917),count=[450,862)} => {X.1==>}",0.111111111111111,1,0.111111111111111,1,3
"221","{X.1==>,confidence=[0.813,0.917),count=[450,862)} => {rhs={Age=Adult}}",0.111111111111111,1,0.111111111111111,1.5,3
"222","{confidence=[0.974,1],lift=[1.05,1.27],count=[450,862)} => {X.1==>}",0.148148148148148,1,0.148148148148148,1,4
"223","{X.1==>,confidence=[0.974,1],count=[450,862)} => {lift=[1.05,1.27]}",0.148148148148148,1,0.148148148148148,2.25,4
"224","{X.1==>,lift=[1.05,1.27],count=[450,862)} => {confidence=[0.974,1]}",0.148148148148148,1,0.148148148148148,2.7,4
"225","{support=[0.204,0.392),confidence=[0.813,0.917),lift=[0.934,0.99)} => {rhs={Age=Adult}}",0.111111111111111,1,0.111111111111111,1.5,3
"226","{rhs={Age=Adult},support=[0.204,0.392),confidence=[0.813,0.917)} => {lift=[0.934,0.99)}",0.111111111111111,1,0.111111111111111,3,3
"227","{support=[0.204,0.392),confidence=[0.813,0.917),lift=[0.934,0.99)} => {X.1==>}",0.111111111111111,1,0.111111111111111,1,3
"228","{X.1==>,support=[0.204,0.392),confidence=[0.813,0.917)} => {lift=[0.934,0.99)}",0.111111111111111,1,0.111111111111111,3,3
"229","{rhs={Age=Adult},support=[0.204,0.392),lift=[0.934,0.99)} => {X.1==>}",0.148148148148148,1,0.148148148148148,1,4
"230","{X.1==>,support=[0.204,0.392),lift=[0.934,0.99)} => {rhs={Age=Adult}}",0.148148148148148,1,0.148148148148148,1.5,4
"231","{rhs={Age=Adult},support=[0.204,0.392),confidence=[0.813,0.917)} => {X.1==>}",0.111111111111111,1,0.111111111111111,1,3
"232","{X.1==>,support=[0.204,0.392),confidence=[0.813,0.917)} => {rhs={Age=Adult}}",0.111111111111111,1,0.111111111111111,1.5,3
"233","{support=[0.204,0.392),confidence=[0.974,1],lift=[1.05,1.27]} => {X.1==>}",0.148148148148148,1,0.148148148148148,1,4
"234","{X.1==>,support=[0.204,0.392),confidence=[0.974,1]} => {lift=[1.05,1.27]}",0.148148148148148,1,0.148148148148148,2.25,4
"235","{X.1==>,support=[0.204,0.392),lift=[1.05,1.27]} => {confidence=[0.974,1]}",0.148148148148148,1,0.148148148148148,2.7,4
"236","{confidence=[0.917,0.974),lift=[0.934,0.99),count=[261,450)} => {support=[0.119,0.204)}",0.111111111111111,1,0.111111111111111,3,3
"237","{support=[0.119,0.204),confidence=[0.917,0.974),count=[261,450)} => {lift=[0.934,0.99)}",0.111111111111111,1,0.111111111111111,3,3
"238","{support=[0.119,0.204),confidence=[0.917,0.974),lift=[0.934,0.99)} => {count=[261,450)}",0.111111111111111,1,0.111111111111111,3,3
"239","{confidence=[0.917,0.974),lift=[0.934,0.99),count=[261,450)} => {rhs={Age=Adult}}",0.111111111111111,1,0.111111111111111,1.5,3
"240","{rhs={Age=Adult},confidence=[0.917,0.974),count=[261,450)} => {lift=[0.934,0.99)}",0.111111111111111,1,0.111111111111111,3,3
"241","{confidence=[0.917,0.974),lift=[0.934,0.99),count=[261,450)} => {X.1==>}",0.111111111111111,1,0.111111111111111,1,3
"242","{X.1==>,confidence=[0.917,0.974),count=[261,450)} => {lift=[0.934,0.99)}",0.111111111111111,1,0.111111111111111,3,3
"243","{support=[0.119,0.204),confidence=[0.917,0.974),count=[261,450)} => {rhs={Age=Adult}}",0.111111111111111,1,0.111111111111111,1.5,3
"244","{rhs={Age=Adult},confidence=[0.917,0.974),count=[261,450)} => {support=[0.119,0.204)}",0.111111111111111,1,0.111111111111111,3,3
"245","{rhs={Age=Adult},support=[0.119,0.204),confidence=[0.917,0.974)} => {count=[261,450)}",0.111111111111111,1,0.111111111111111,3,3
"246","{support=[0.119,0.204),confidence=[0.917,0.974),count=[261,450)} => {X.1==>}",0.111111111111111,1,0.111111111111111,1,3
"247","{X.1==>,confidence=[0.917,0.974),count=[261,450)} => {support=[0.119,0.204)}",0.111111111111111,1,0.111111111111111,3,3
"248","{X.1==>,support=[0.119,0.204),confidence=[0.917,0.974)} => {count=[261,450)}",0.111111111111111,1,0.111111111111111,3,3
"249","{rhs={Age=Adult},confidence=[0.917,0.974),count=[261,450)} => {X.1==>}",0.111111111111111,1,0.111111111111111,1,3
"250","{X.1==>,confidence=[0.917,0.974),count=[261,450)} => {rhs={Age=Adult}}",0.111111111111111,1,0.111111111111111,1.5,3
"251","{support=[0.119,0.204),confidence=[0.917,0.974),lift=[0.934,0.99)} => {rhs={Age=Adult}}",0.111111111111111,1,0.111111111111111,1.5,3
"252","{rhs={Age=Adult},support=[0.119,0.204),confidence=[0.917,0.974)} => {lift=[0.934,0.99)}",0.111111111111111,1,0.111111111111111,3,3
"253","{support=[0.119,0.204),confidence=[0.917,0.974),lift=[0.934,0.99)} => {X.1==>}",0.111111111111111,1,0.111111111111111,1,3
"254","{X.1==>,support=[0.119,0.204),confidence=[0.917,0.974)} => {lift=[0.934,0.99)}",0.111111111111111,1,0.111111111111111,3,3
"255","{rhs={Age=Adult},confidence=[0.917,0.974),lift=[0.934,0.99)} => {X.1==>}",0.148148148148148,1,0.148148148148148,1,4
"256","{X.1==>,confidence=[0.917,0.974),lift=[0.934,0.99)} => {rhs={Age=Adult}}",0.148148148148148,1,0.148148148148148,1.5,4
"257","{rhs={Age=Adult},support=[0.119,0.204),confidence=[0.917,0.974)} => {X.1==>}",0.111111111111111,1,0.111111111111111,1,3
"258","{X.1==>,support=[0.119,0.204),confidence=[0.917,0.974)} => {rhs={Age=Adult}}",0.111111111111111,1,0.111111111111111,1.5,3
"259","{rhs={Age=Adult},confidence=[0.917,0.974),count=[862,2.09e+03]} => {support=[0.392,0.95]}",0.111111111111111,1,0.111111111111111,2.7,3
"260","{rhs={Age=Adult},support=[0.392,0.95],confidence=[0.917,0.974)} => {count=[862,2.09e+03]}",0.111111111111111,1,0.111111111111111,2.7,3
"261","{support=[0.392,0.95],confidence=[0.917,0.974),count=[862,2.09e+03]} => {X.1==>}",0.148148148148148,1,0.148148148148148,1,4
"262","{X.1==>,confidence=[0.917,0.974),count=[862,2.09e+03]} => {support=[0.392,0.95]}",0.148148148148148,1,0.148148148148148,2.7,4
"263","{X.1==>,support=[0.392,0.95],confidence=[0.917,0.974)} => {count=[862,2.09e+03]}",0.148148148148148,1,0.148148148148148,2.7,4
"264","{rhs={Age=Adult},confidence=[0.917,0.974),count=[862,2.09e+03]} => {X.1==>}",0.111111111111111,1,0.111111111111111,1,3
"265","{rhs={Age=Adult},support=[0.392,0.95],confidence=[0.917,0.974)} => {X.1==>}",0.111111111111111,1,0.111111111111111,1,3
"266","{support=[0.119,0.204),lift=[0.934,0.99),count=[261,450)} => {rhs={Age=Adult}}",0.185185185185185,1,0.185185185185185,1.5,5
"267","{rhs={Age=Adult},lift=[0.934,0.99),count=[261,450)} => {support=[0.119,0.204)}",0.185185185185185,1,0.185185185185185,3,5
"268","{rhs={Age=Adult},support=[0.119,0.204),count=[261,450)} => {lift=[0.934,0.99)}",0.185185185185185,0.833333333333333,0.222222222222222,2.5,5
"269","{rhs={Age=Adult},support=[0.119,0.204),lift=[0.934,0.99)} => {count=[261,450)}",0.185185185185185,1,0.185185185185185,3,5
"270","{support=[0.119,0.204),lift=[0.934,0.99),count=[261,450)} => {X.1==>}",0.185185185185185,1,0.185185185185185,1,5
"271","{X.1==>,lift=[0.934,0.99),count=[261,450)} => {support=[0.119,0.204)}",0.185185185185185,1,0.185185185185185,3,5
"272","{X.1==>,support=[0.119,0.204),lift=[0.934,0.99)} => {count=[261,450)}",0.185185185185185,1,0.185185185185185,3,5
"273","{rhs={Age=Adult},lift=[0.934,0.99),count=[261,450)} => {X.1==>}",0.185185185185185,1,0.185185185185185,1,5
"274","{X.1==>,lift=[0.934,0.99),count=[261,450)} => {rhs={Age=Adult}}",0.185185185185185,1,0.185185185185185,1.5,5
"275","{X.1==>,rhs={Age=Adult},count=[261,450)} => {lift=[0.934,0.99)}",0.185185185185185,0.833333333333333,0.222222222222222,2.5,5
"276","{support=[0.119,0.204),confidence=[0.813,0.917),count=[261,450)} => {X.1==>}",0.185185185185185,1,0.185185185185185,1,5
"277","{X.1==>,confidence=[0.813,0.917),count=[261,450)} => {support=[0.119,0.204)}",0.185185185185185,1,0.185185185185185,3,5
"278","{X.1==>,support=[0.119,0.204),confidence=[0.813,0.917)} => {count=[261,450)}",0.185185185185185,1,0.185185185185185,3,5
"279","{rhs={Age=Adult},support=[0.119,0.204),count=[261,450)} => {X.1==>}",0.222222222222222,1,0.222222222222222,1,6
"280","{X.1==>,rhs={Age=Adult},count=[261,450)} => {support=[0.119,0.204)}",0.222222222222222,1,0.222222222222222,3,6
"281","{X.1==>,rhs={Age=Adult},support=[0.119,0.204)} => {count=[261,450)}",0.222222222222222,1,0.222222222222222,3,6
"282","{rhs={Age=Adult},confidence=[0.813,0.917),lift=[0.934,0.99)} => {X.1==>}",0.185185185185185,1,0.185185185185185,1,5
"283","{X.1==>,confidence=[0.813,0.917),lift=[0.934,0.99)} => {rhs={Age=Adult}}",0.185185185185185,1,0.185185185185185,1.5,5
"284","{X.1==>,rhs={Age=Adult},confidence=[0.813,0.917)} => {lift=[0.934,0.99)}",0.185185185185185,1,0.185185185185185,3,5
"285","{rhs={Age=Adult},support=[0.119,0.204),lift=[0.934,0.99)} => {X.1==>}",0.185185185185185,1,0.185185185185185,1,5
"286","{X.1==>,support=[0.119,0.204),lift=[0.934,0.99)} => {rhs={Age=Adult}}",0.185185185185185,1,0.185185185185185,1.5,5
"287","{X.1==>,rhs={Age=Adult},support=[0.119,0.204)} => {lift=[0.934,0.99)}",0.185185185185185,0.833333333333333,0.222222222222222,2.5,5
"288","{support=[0.392,0.95],confidence=[0.974,1],count=[862,2.09e+03]} => {lift=[1.05,1.27]}",0.148148148148148,0.8,0.185185185185185,1.8,4
"289","{confidence=[0.974,1],lift=[1.05,1.27],count=[862,2.09e+03]} => {support=[0.392,0.95]}",0.148148148148148,1,0.148148148148148,2.7,4
"290","{support=[0.392,0.95],confidence=[0.974,1],lift=[1.05,1.27]} => {count=[862,2.09e+03]}",0.148148148148148,1,0.148148148148148,2.7,4
"291","{rhs={Age=Adult},confidence=[0.974,1],count=[862,2.09e+03]} => {support=[0.392,0.95]}",0.111111111111111,1,0.111111111111111,2.7,3
"292","{rhs={Age=Adult},support=[0.392,0.95],confidence=[0.974,1]} => {count=[862,2.09e+03]}",0.111111111111111,1,0.111111111111111,2.7,3
"293","{support=[0.392,0.95],confidence=[0.974,1],count=[862,2.09e+03]} => {X.1==>}",0.185185185185185,1,0.185185185185185,1,5
"294","{X.1==>,confidence=[0.974,1],count=[862,2.09e+03]} => {support=[0.392,0.95]}",0.185185185185185,1,0.185185185185185,2.7,5
"295","{X.1==>,support=[0.392,0.95],confidence=[0.974,1]} => {count=[862,2.09e+03]}",0.185185185185185,1,0.185185185185185,2.7,5
"296","{support=[0.392,0.95],lift=[1.05,1.27],count=[862,2.09e+03]} => {X.1==>}",0.222222222222222,1,0.222222222222222,1,6
"297","{X.1==>,lift=[1.05,1.27],count=[862,2.09e+03]} => {support=[0.392,0.95]}",0.222222222222222,1,0.222222222222222,2.7,6
"298","{X.1==>,support=[0.392,0.95],lift=[1.05,1.27]} => {count=[862,2.09e+03]}",0.222222222222222,1,0.222222222222222,2.7,6
"299","{rhs={Age=Adult},support=[0.392,0.95],count=[862,2.09e+03]} => {X.1==>}",0.222222222222222,1,0.222222222222222,1,6
"300","{X.1==>,rhs={Age=Adult},count=[862,2.09e+03]} => {support=[0.392,0.95]}",0.222222222222222,1,0.222222222222222,2.7,6
"301","{X.1==>,rhs={Age=Adult},support=[0.392,0.95]} => {count=[862,2.09e+03]}",0.222222222222222,1,0.222222222222222,2.7,6
"302","{confidence=[0.974,1],lift=[1.05,1.27],count=[862,2.09e+03]} => {X.1==>}",0.148148148148148,1,0.148148148148148,1,4
"303","{X.1==>,confidence=[0.974,1],count=[862,2.09e+03]} => {lift=[1.05,1.27]}",0.148148148148148,0.8,0.185185185185185,1.8,4
"304","{rhs={Age=Adult},confidence=[0.974,1],count=[862,2.09e+03]} => {X.1==>}",0.111111111111111,1,0.111111111111111,1,3
"305","{support=[0.392,0.95],confidence=[0.974,1],lift=[1.05,1.27]} => {X.1==>}",0.148148148148148,1,0.148148148148148,1,4
"306","{X.1==>,support=[0.392,0.95],confidence=[0.974,1]} => {lift=[1.05,1.27]}",0.148148148148148,0.8,0.185185185185185,1.8,4
"307","{rhs={Age=Adult},support=[0.392,0.95],confidence=[0.974,1]} => {X.1==>}",0.111111111111111,1,0.111111111111111,1,3
"308","{rhs={Age=Adult},confidence=[0.974,1],lift=[1.05,1.27]} => {X.1==>}",0.148148148148148,1,0.148148148148148,1,4
"309","{X.1==>,rhs={Age=Adult},lift=[1.05,1.27]} => {confidence=[0.974,1]}",0.148148148148148,1,0.148148148148148,2.7,4
"310","{support=[0.392,0.95],confidence=[0.917,0.974),lift=[0.99,1.05),count=[862,2.09e+03]} => {rhs={Age=Adult}}",0.111111111111111,1,0.111111111111111,1.5,3
"311","{rhs={Age=Adult},confidence=[0.917,0.974),lift=[0.99,1.05),count=[862,2.09e+03]} => {support=[0.392,0.95]}",0.111111111111111,1,0.111111111111111,2.7,3
"312","{rhs={Age=Adult},support=[0.392,0.95],confidence=[0.917,0.974),lift=[0.99,1.05)} => {count=[862,2.09e+03]}",0.111111111111111,1,0.111111111111111,2.7,3
"313","{rhs={Age=Adult},support=[0.392,0.95],confidence=[0.917,0.974),count=[862,2.09e+03]} => {lift=[0.99,1.05)}",0.111111111111111,1,0.111111111111111,4.5,3
"314","{support=[0.392,0.95],confidence=[0.917,0.974),lift=[0.99,1.05),count=[862,2.09e+03]} => {X.1==>}",0.111111111111111,1,0.111111111111111,1,3
"315","{X.1==>,confidence=[0.917,0.974),lift=[0.99,1.05),count=[862,2.09e+03]} => {support=[0.392,0.95]}",0.111111111111111,1,0.111111111111111,2.7,3
"316","{X.1==>,support=[0.392,0.95],confidence=[0.917,0.974),lift=[0.99,1.05)} => {count=[862,2.09e+03]}",0.111111111111111,1,0.111111111111111,2.7,3
"317","{rhs={Age=Adult},confidence=[0.917,0.974),lift=[0.99,1.05),count=[862,2.09e+03]} => {X.1==>}",0.111111111111111,1,0.111111111111111,1,3
"318","{X.1==>,confidence=[0.917,0.974),lift=[0.99,1.05),count=[862,2.09e+03]} => {rhs={Age=Adult}}",0.111111111111111,1,0.111111111111111,1.5,3
"319","{X.1==>,rhs={Age=Adult},confidence=[0.917,0.974),lift=[0.99,1.05)} => {count=[862,2.09e+03]}",0.111111111111111,1,0.111111111111111,2.7,3
"320","{X.1==>,rhs={Age=Adult},confidence=[0.917,0.974),count=[862,2.09e+03]} => {lift=[0.99,1.05)}",0.111111111111111,1,0.111111111111111,4.5,3
"321","{rhs={Age=Adult},support=[0.392,0.95],confidence=[0.917,0.974),lift=[0.99,1.05)} => {X.1==>}",0.111111111111111,1,0.111111111111111,1,3
"322","{X.1==>,support=[0.392,0.95],confidence=[0.917,0.974),lift=[0.99,1.05)} => {rhs={Age=Adult}}",0.111111111111111,1,0.111111111111111,1.5,3
"323","{X.1==>,rhs={Age=Adult},confidence=[0.917,0.974),lift=[0.99,1.05)} => {support=[0.392,0.95]}",0.111111111111111,1,0.111111111111111,2.7,3
"324","{X.1==>,rhs={Age=Adult},support=[0.392,0.95],confidence=[0.917,0.974)} => {lift=[0.99,1.05)}",0.111111111111111,1,0.111111111111111,4.5,3
"325","{rhs={Age=Adult},support=[0.392,0.95],lift=[0.99,1.05),count=[862,2.09e+03]} => {X.1==>}",0.148148148148148,1,0.148148148148148,1,4
"326","{X.1==>,support=[0.392,0.95],lift=[0.99,1.05),count=[862,2.09e+03]} => {rhs={Age=Adult}}",0.148148148148148,1,0.148148148148148,1.5,4
"327","{X.1==>,rhs={Age=Adult},lift=[0.99,1.05),count=[862,2.09e+03]} => {support=[0.392,0.95]}",0.148148148148148,1,0.148148148148148,2.7,4
"328","{X.1==>,rhs={Age=Adult},support=[0.392,0.95],lift=[0.99,1.05)} => {count=[862,2.09e+03]}",0.148148148148148,1,0.148148148148148,2.7,4
"329","{rhs={Sex=Male},support=[0.392,0.95],lift=[1.05,1.27],count=[862,2.09e+03]} => {X.1==>}",0.148148148148148,1,0.148148148148148,1,4
"330","{X.1==>,rhs={Sex=Male},support=[0.392,0.95],count=[862,2.09e+03]} => {lift=[1.05,1.27]}",0.148148148148148,1,0.148148148148148,2.25,4
"331","{X.1==>,rhs={Sex=Male},lift=[1.05,1.27],count=[862,2.09e+03]} => {support=[0.392,0.95]}",0.148148148148148,1,0.148148148148148,2.7,4
"332","{X.1==>,rhs={Sex=Male},support=[0.392,0.95],lift=[1.05,1.27]} => {count=[862,2.09e+03]}",0.148148148148148,1,0.148148148148148,2.7,4
"333","{support=[0.204,0.392),confidence=[0.813,0.917),lift=[0.934,0.99),count=[450,862)} => {rhs={Age=Adult}}",0.111111111111111,1,0.111111111111111,1.5,3
"334","{rhs={Age=Adult},support=[0.204,0.392),confidence=[0.813,0.917),count=[450,862)} => {lift=[0.934,0.99)}",0.111111111111111,1,0.111111111111111,3,3
"335","{rhs={Age=Adult},confidence=[0.813,0.917),lift=[0.934,0.99),count=[450,862)} => {support=[0.204,0.392)}",0.111111111111111,1,0.111111111111111,3.375,3
"336","{rhs={Age=Adult},support=[0.204,0.392),confidence=[0.813,0.917),lift=[0.934,0.99)} => {count=[450,862)}",0.111111111111111,1,0.111111111111111,3.375,3
"337","{support=[0.204,0.392),confidence=[0.813,0.917),lift=[0.934,0.99),count=[450,862)} => {X.1==>}",0.111111111111111,1,0.111111111111111,1,3
"338","{X.1==>,support=[0.204,0.392),confidence=[0.813,0.917),count=[450,862)} => {lift=[0.934,0.99)}",0.111111111111111,1,0.111111111111111,3,3
"339","{X.1==>,confidence=[0.813,0.917),lift=[0.934,0.99),count=[450,862)} => {support=[0.204,0.392)}",0.111111111111111,1,0.111111111111111,3.375,3
"340","{X.1==>,support=[0.204,0.392),confidence=[0.813,0.917),lift=[0.934,0.99)} => {count=[450,862)}",0.111111111111111,1,0.111111111111111,3.375,3
"341","{rhs={Age=Adult},support=[0.204,0.392),lift=[0.934,0.99),count=[450,862)} => {X.1==>}",0.148148148148148,1,0.148148148148148,1,4
"342","{X.1==>,support=[0.204,0.392),lift=[0.934,0.99),count=[450,862)} => {rhs={Age=Adult}}",0.148148148148148,1,0.148148148148148,1.5,4
"343","{X.1==>,rhs={Age=Adult},lift=[0.934,0.99),count=[450,862)} => {support=[0.204,0.392)}",0.148148148148148,1,0.148148148148148,3.375,4
"344","{X.1==>,rhs={Age=Adult},support=[0.204,0.392),lift=[0.934,0.99)} => {count=[450,862)}",0.148148148148148,1,0.148148148148148,3.375,4
"345","{rhs={Age=Adult},support=[0.204,0.392),confidence=[0.813,0.917),count=[450,862)} => {X.1==>}",0.111111111111111,1,0.111111111111111,1,3
"346","{X.1==>,support=[0.204,0.392),confidence=[0.813,0.917),count=[450,862)} => {rhs={Age=Adult}}",0.111111111111111,1,0.111111111111111,1.5,3
"347","{X.1==>,rhs={Age=Adult},confidence=[0.813,0.917),count=[450,862)} => {support=[0.204,0.392)}",0.111111111111111,1,0.111111111111111,3.375,3
"348","{X.1==>,rhs={Age=Adult},support=[0.204,0.392),confidence=[0.813,0.917)} => {count=[450,862)}",0.111111111111111,1,0.111111111111111,3.375,3
"349","{support=[0.204,0.392),confidence=[0.974,1],lift=[1.05,1.27],count=[450,862)} => {X.1==>}",0.148148148148148,1,0.148148148148148,1,4
"350","{X.1==>,support=[0.204,0.392),confidence=[0.974,1],count=[450,862)} => {lift=[1.05,1.27]}",0.148148148148148,1,0.148148148148148,2.25,4
"351","{X.1==>,support=[0.204,0.392),lift=[1.05,1.27],count=[450,862)} => {confidence=[0.974,1]}",0.148148148148148,1,0.148148148148148,2.7,4
"352","{X.1==>,confidence=[0.974,1],lift=[1.05,1.27],count=[450,862)} => {support=[0.204,0.392)}",0.148148148148148,1,0.148148148148148,3.375,4
"353","{X.1==>,support=[0.204,0.392),confidence=[0.974,1],lift=[1.05,1.27]} => {count=[450,862)}",0.148148148148148,1,0.148148148148148,3.375,4
"354","{rhs={Age=Adult},confidence=[0.813,0.917),lift=[0.934,0.99),count=[450,862)} => {X.1==>}",0.111111111111111,1,0.111111111111111,1,3
"355","{X.1==>,confidence=[0.813,0.917),lift=[0.934,0.99),count=[450,862)} => {rhs={Age=Adult}}",0.111111111111111,1,0.111111111111111,1.5,3
"356","{X.1==>,rhs={Age=Adult},confidence=[0.813,0.917),count=[450,862)} => {lift=[0.934,0.99)}",0.111111111111111,1,0.111111111111111,3,3
"357","{rhs={Age=Adult},support=[0.204,0.392),confidence=[0.813,0.917),lift=[0.934,0.99)} => {X.1==>}",0.111111111111111,1,0.111111111111111,1,3
"358","{X.1==>,support=[0.204,0.392),confidence=[0.813,0.917),lift=[0.934,0.99)} => {rhs={Age=Adult}}",0.111111111111111,1,0.111111111111111,1.5,3
"359","{X.1==>,rhs={Age=Adult},support=[0.204,0.392),confidence=[0.813,0.917)} => {lift=[0.934,0.99)}",0.111111111111111,1,0.111111111111111,3,3
"360","{support=[0.119,0.204),confidence=[0.917,0.974),lift=[0.934,0.99),count=[261,450)} => {rhs={Age=Adult}}",0.111111111111111,1,0.111111111111111,1.5,3
"361","{rhs={Age=Adult},confidence=[0.917,0.974),lift=[0.934,0.99),count=[261,450)} => {support=[0.119,0.204)}",0.111111111111111,1,0.111111111111111,3,3
"362","{rhs={Age=Adult},support=[0.119,0.204),confidence=[0.917,0.974),count=[261,450)} => {lift=[0.934,0.99)}",0.111111111111111,1,0.111111111111111,3,3
"363","{rhs={Age=Adult},support=[0.119,0.204),confidence=[0.917,0.974),lift=[0.934,0.99)} => {count=[261,450)}",0.111111111111111,1,0.111111111111111,3,3
"364","{support=[0.119,0.204),confidence=[0.917,0.974),lift=[0.934,0.99),count=[261,450)} => {X.1==>}",0.111111111111111,1,0.111111111111111,1,3
"365","{X.1==>,confidence=[0.917,0.974),lift=[0.934,0.99),count=[261,450)} => {support=[0.119,0.204)}",0.111111111111111,1,0.111111111111111,3,3
"366","{X.1==>,support=[0.119,0.204),confidence=[0.917,0.974),count=[261,450)} => {lift=[0.934,0.99)}",0.111111111111111,1,0.111111111111111,3,3
"367","{X.1==>,support=[0.119,0.204),confidence=[0.917,0.974),lift=[0.934,0.99)} => {count=[261,450)}",0.111111111111111,1,0.111111111111111,3,3
"368","{rhs={Age=Adult},confidence=[0.917,0.974),lift=[0.934,0.99),count=[261,450)} => {X.1==>}",0.111111111111111,1,0.111111111111111,1,3
"369","{X.1==>,confidence=[0.917,0.974),lift=[0.934,0.99),count=[261,450)} => {rhs={Age=Adult}}",0.111111111111111,1,0.111111111111111,1.5,3
"370","{X.1==>,rhs={Age=Adult},confidence=[0.917,0.974),count=[261,450)} => {lift=[0.934,0.99)}",0.111111111111111,1,0.111111111111111,3,3
"371","{rhs={Age=Adult},support=[0.119,0.204),confidence=[0.917,0.974),count=[261,450)} => {X.1==>}",0.111111111111111,1,0.111111111111111,1,3
"372","{X.1==>,support=[0.119,0.204),confidence=[0.917,0.974),count=[261,450)} => {rhs={Age=Adult}}",0.111111111111111,1,0.111111111111111,1.5,3
"373","{X.1==>,rhs={Age=Adult},confidence=[0.917,0.974),count=[261,450)} => {support=[0.119,0.204)}",0.111111111111111,1,0.111111111111111,3,3
"374","{X.1==>,rhs={Age=Adult},support=[0.119,0.204),confidence=[0.917,0.974)} => {count=[261,450)}",0.111111111111111,1,0.111111111111111,3,3
"375","{rhs={Age=Adult},support=[0.119,0.204),confidence=[0.917,0.974),lift=[0.934,0.99)} => {X.1==>}",0.111111111111111,1,0.111111111111111,1,3
"376","{X.1==>,support=[0.119,0.204),confidence=[0.917,0.974),lift=[0.934,0.99)} => {rhs={Age=Adult}}",0.111111111111111,1,0.111111111111111,1.5,3
"377","{X.1==>,rhs={Age=Adult},support=[0.119,0.204),confidence=[0.917,0.974)} => {lift=[0.934,0.99)}",0.111111111111111,1,0.111111111111111,3,3
"378","{rhs={Age=Adult},support=[0.392,0.95],confidence=[0.917,0.974),count=[862,2.09e+03]} => {X.1==>}",0.111111111111111,1,0.111111111111111,1,3
"379","{X.1==>,rhs={Age=Adult},confidence=[0.917,0.974),count=[862,2.09e+03]} => {support=[0.392,0.95]}",0.111111111111111,1,0.111111111111111,2.7,3
"380","{X.1==>,rhs={Age=Adult},support=[0.392,0.95],confidence=[0.917,0.974)} => {count=[862,2.09e+03]}",0.111111111111111,1,0.111111111111111,2.7,3
"381","{rhs={Age=Adult},support=[0.119,0.204),lift=[0.934,0.99),count=[261,450)} => {X.1==>}",0.185185185185185,1,0.185185185185185,1,5
"382","{X.1==>,support=[0.119,0.204),lift=[0.934,0.99),count=[261,450)} => {rhs={Age=Adult}}",0.185185185185185,1,0.185185185185185,1.5,5
"383","{X.1==>,rhs={Age=Adult},lift=[0.934,0.99),count=[261,450)} => {support=[0.119,0.204)}",0.185185185185185,1,0.185185185185185,3,5
"384","{X.1==>,rhs={Age=Adult},support=[0.119,0.204),count=[261,450)} => {lift=[0.934,0.99)}",0.185185185185185,0.833333333333333,0.222222222222222,2.5,5
"385","{X.1==>,rhs={Age=Adult},support=[0.119,0.204),lift=[0.934,0.99)} => {count=[261,450)}",0.185185185185185,1,0.185185185185185,3,5
"386","{support=[0.392,0.95],confidence=[0.974,1],lift=[1.05,1.27],count=[862,2.09e+03]} => {X.1==>}",0.148148148148148,1,0.148148148148148,1,4
"387","{X.1==>,support=[0.392,0.95],confidence=[0.974,1],count=[862,2.09e+03]} => {lift=[1.05,1.27]}",0.148148148148148,0.8,0.185185185185185,1.8,4
"388","{X.1==>,confidence=[0.974,1],lift=[1.05,1.27],count=[862,2.09e+03]} => {support=[0.392,0.95]}",0.148148148148148,1,0.148148148148148,2.7,4
"389","{X.1==>,support=[0.392,0.95],confidence=[0.974,1],lift=[1.05,1.27]} => {count=[862,2.09e+03]}",0.148148148148148,1,0.148148148148148,2.7,4
"390","{rhs={Age=Adult},support=[0.392,0.95],confidence=[0.974,1],count=[862,2.09e+03]} => {X.1==>}",0.111111111111111,1,0.111111111111111,1,3
"391","{X.1==>,rhs={Age=Adult},confidence=[0.974,1],count=[862,2.09e+03]} => {support=[0.392,0.95]}",0.111111111111111,1,0.111111111111111,2.7,3
"392","{X.1==>,rhs={Age=Adult},support=[0.392,0.95],confidence=[0.974,1]} => {count=[862,2.09e+03]}",0.111111111111111,1,0.111111111111111,2.7,3
"393","{rhs={Age=Adult},support=[0.392,0.95],confidence=[0.917,0.974),lift=[0.99,1.05),count=[862,2.09e+03]} => {X.1==>}",0.111111111111111,1,0.111111111111111,1,3
"394","{X.1==>,support=[0.392,0.95],confidence=[0.917,0.974),lift=[0.99,1.05),count=[862,2.09e+03]} => {rhs={Age=Adult}}",0.111111111111111,1,0.111111111111111,1.5,3
"395","{X.1==>,rhs={Age=Adult},confidence=[0.917,0.974),lift=[0.99,1.05),count=[862,2.09e+03]} => {support=[0.392,0.95]}",0.111111111111111,1,0.111111111111111,2.7,3
"396","{X.1==>,rhs={Age=Adult},support=[0.392,0.95],confidence=[0.917,0.974),lift=[0.99,1.05)} => {count=[862,2.09e+03]}",0.111111111111111,1,0.111111111111111,2.7,3
"397","{X.1==>,rhs={Age=Adult},support=[0.392,0.95],confidence=[0.917,0.974),count=[862,2.09e+03]} => {lift=[0.99,1.05)}",0.111111111111111,1,0.111111111111111,4.5,3
"398","{rhs={Age=Adult},support=[0.204,0.392),confidence=[0.813,0.917),lift=[0.934,0.99),count=[450,862)} => {X.1==>}",0.111111111111111,1,0.111111111111111,1,3
"399","{X.1==>,support=[0.204,0.392),confidence=[0.813,0.917),lift=[0.934,0.99),count=[450,862)} => {rhs={Age=Adult}}",0.111111111111111,1,0.111111111111111,1.5,3
"400","{X.1==>,rhs={Age=Adult},support=[0.204,0.392),confidence=[0.813,0.917),count=[450,862)} => {lift=[0.934,0.99)}",0.111111111111111,1,0.111111111111111,3,3
"401","{X.1==>,rhs={Age=Adult},confidence=[0.813,0.917),lift=[0.934,0.99),count=[450,862)} => {support=[0.204,0.392)}",0.111111111111111,1,0.111111111111111,3.375,3
"402","{X.1==>,rhs={Age=Adult},support=[0.204,0.392),confidence=[0.813,0.917),lift=[0.934,0.99)} => {count=[450,862)}",0.111111111111111,1,0.111111111111111,3.375,3
"403","{rhs={Age=Adult},support=[0.119,0.204),confidence=[0.917,0.974),lift=[0.934,0.99),count=[261,450)} => {X.1==>}",0.111111111111111,1,0.111111111111111,1,3
"404","{X.1==>,support=[0.119,0.204),confidence=[0.917,0.974),lift=[0.934,0.99),count=[261,450)} => {rhs={Age=Adult}}",0.111111111111111,1,0.111111111111111,1.5,3
"405","{X.1==>,rhs={Age=Adult},confidence=[0.917,0.974),lift=[0.934,0.99),count=[261,450)} => {support=[0.119,0.204)}",0.111111111111111,1,0.111111111111111,3,3
"406","{X.1==>,rhs={Age=Adult},support=[0.119,0.204),confidence=[0.917,0.974),count=[261,450)} => {lift=[0.934,0.99)}",0.111111111111111,1,0.111111111111111,3,3
"407","{X.1==>,rhs={Age=Adult},support=[0.119,0.204),confidence=[0.917,0.974),lift=[0.934,0.99)} => {count=[261,450)}",0.111111111111111,1,0.111111111111111,3,3
